ID,FirstName,LastName,Email,Age
1,Robert,A.,robertA@yahoo.com,56
2,Chris,B.,chrisB@gmail.com,40
3,Mark,C.,markC@outlook.com,54
4,Chirs,D.,chrisD@yahoo.coom,38
5,Jeremy,E.,jeremyW@gmail.com,50
6,Tom,F.,tomF@outlook.com,40
7,Clark,G.,clarkG@yahoo.com,59
8,Cobie,H.,cobieH@gmail.com,39
9,Samuel L.,I.,samuelI@outlook.com,72
10,Paul,J.,paulJ@yahoo.com,50
11,Chris,K.,chrisK@yahoo.com,42
